"Freq [GHz]","dB(S(Port_clt1_prime_end,Port_clt1_prime_start)) []"
5.5,-0.00267452930429501
5.5015,-0.0026759783543445
5.503,-0.00267742778626445
5.5045,-0.00267887760003478
5.506,-0.0026803277956364
5.5075,-0.00268177837305309
5.509,-0.00268322933226479
5.5105,-0.00268468067325529
5.512,-0.00268613239600261
5.5135,-0.00268758450049341
5.515,-0.00268903698670572
5.5165,-0.00269048985462428
5.518,-0.00269194310422711
5.5195,-0.00269339673549799
5.521,-0.00269485074841686
5.5225,-0.00269630514296655
5.524,-0.00269775991912602
5.5255,-0.00269921507688293
5.527,-0.00270067061621143
5.5285,-0.00270212653709531
5.53,-0.00270358283952029
5.5315,-0.00270503952346149
5.533,-0.00270649658890365
5.5345,-0.00270795403582576
5.536,-0.00270941186421063
5.5375,-0.00271087007403917
5.539,-0.00271232866529229
5.5405,-0.0027137876379528
5.542,-0.00271524699199678
5.5435,-0.00271670672741189
5.545,-0.00271816684417227
5.5465,-0.00271962734226558
5.548,-0.00272108822166789
5.5495,-0.00272254948236299
5.551,-0.00272401112433179
5.5525,-0.0027254731475523
5.554,-0.00272693555200733
5.5555,-0.00272839833767682
5.557,-0.00272986150454362
5.5585,-0.00273132505258571
5.56,-0.00273278898178593
5.5615,-0.00273425329212229
5.563,-0.00273571798357762
5.5645,-0.00273718305613184
5.566,-0.00273864850976587
5.5675,-0.0027401143444606
5.569,-0.00274158056019404
5.5705,-0.00274304715695094
5.572,-0.00274451413470932
5.5735,-0.00274598149344621
5.575,-0.00274744923314734
5.5765,-0.00274891735379168
5.578,-0.00275038585535627
5.5795,-0.00275185473782491
5.581,-0.00275332400117656
5.5825,-0.00275479364539021
5.584,-0.00275626367044963
5.5855,-0.00275773407632899
5.587,-0.00275920486301304
5.5885,-0.00276067603048364
5.59,-0.00276214757871592
5.5915,-0.00276361950768979
5.593,-0.00276509181738714
5.5945,-0.00276656450779079
5.596,-0.00276803757887296
5.5975,-0.0027695110306213
5.599,-0.00277098486300997
5.6005,-0.00277245907602468
5.602,-0.00277393366963765
5.6035,-0.00277540864383365
5.605,-0.00277688399859068
5.6065,-0.00277835973389158
5.608,-0.00277983584971145
5.6095,-0.00278131234602734
5.611,-0.0027827892228269
5.6125,-0.00278426648008235
5.614,-0.00278574411777749
5.6155,-0.00278722213589129
5.617,-0.00278870053440273
5.6185,-0.00279017931328787
5.62,-0.00279165847252955
5.6215,-0.00279313801210578
5.623,-0.00279461793199456
5.6245,-0.00279609823217873
5.626,-0.00279757891263341
5.6275,-0.00279905997334045
5.629,-0.00280054141427689
5.6305,-0.00280202323542269
5.632,-0.00280350543675873
5.6335,-0.00280498801825725
5.635,-0.00280647097990299
5.6365,-0.00280795432167493
5.638,-0.00280943804355012
5.6395,-0.00281092214550753
5.641,-0.00281240662752419
5.6425,-0.00281389148958295
5.644,-0.00281537673165699
5.6455,-0.0028168623537301
5.647,-0.00281834835577933
5.6485,-0.00281983473777979
5.65,-0.00282132149971335
5.6515,-0.00282280864155801
5.653,-0.00282429616329372
5.6545,-0.00282578406489269
5.656,-0.00282727234634162
5.6575,-0.00282876100761079
5.659,-0.00283025004868691
5.6605,-0.00283173946954024
5.662,-0.00283322927015364
5.6635,-0.00283471945050318
5.665,-0.0028362100105659
5.6665,-0.00283770095032174
5.668,-0.00283919226974967
5.6695,-0.00284068396882675
5.671,-0.00284217604752807
5.6725,-0.00284366850583552
5.674,-0.00284516134372517
5.6755,-0.00284665456117309
5.677,-0.00284814815816213
5.6785,-0.00284964213466354
5.68,-0.00285113649065918
5.6815,-0.00285263122612417
5.683,-0.00285412634103942
5.6845,-0.0028556218353781
5.686,-0.00285711770912113
5.6875,-0.00285861396224555
5.689,-0.0028601105947255
5.6905,-0.0028616076065419
5.692,-0.00286310499767178
5.6935,-0.00286460276808929
5.695,-0.00286610091777438
5.6965,-0.00286759944670506
5.698,-0.00286909835485547
5.6995,-0.00287059764220459
5.701,-0.00287209730873043
5.7025,-0.00287359735440713
5.704,-0.00287509777921465
5.7055,-0.0028765985831252
5.707,-0.00287809976611967
5.7085,-0.00287960132817513
5.71,-0.00288110326926765
5.7115,-0.00288260558937041
5.713,-0.00288410828846625
5.7145,-0.00288561136652642
5.716,-0.0028871148235299
5.7175,-0.00288861865945278
5.719,-0.00289012287427209
5.7205,-0.00289162746796295
5.722,-0.00289313244050434
5.7235,-0.00289463779186944
5.725,-0.00289614352203819
5.7265,-0.00289764963098089
5.728,-0.0028991561186794
5.7295,-0.00290066298510787
5.731,-0.00290217023024336
5.7325,-0.00290367785406097
5.734,-0.00290518585653679
5.7355,-0.00290669423764401
5.737,-0.00290820299736159
5.7385,-0.00290971213566659
5.74,-0.00291122165253412
5.7415,-0.00291273154793737
5.743,-0.00291424182185435
5.7445,-0.00291575247426114
5.746,-0.00291726350512996
5.7475,-0.00291877491443882
5.749,-0.00292028670216478
5.7505,-0.00292179886828004
5.752,-0.00292331141276263
5.7535,-0.00292482433558766
5.755,-0.00292633763672927
5.7565,-0.00292785131616163
5.758,-0.00292936537386082
5.7595,-0.00293087980980387
5.761,-0.00293239462396495
5.7625,-0.00293390981631723
5.764,-0.00293542538683778
5.7655,-0.00293694133550169
5.767,-0.00293845766228314
5.7685,-0.00293997436715722
5.77,-0.0029414914500981
5.7715,-0.00294300891108186
5.773,-0.00294452675008168
5.7745,-0.00294604496707268
5.776,-0.00294756356202805
5.7775,-0.00294908253492484
5.779,-0.0029506018857372
5.7805,-0.00295212161443927
5.782,-0.00295364172100329
5.7835,-0.0029551622054063
5.785,-0.00295668306762246
5.7865,-0.00295820430762205
5.788,-0.00295972592538599
5.7895,-0.00296124792088263
5.791,-0.00296277029408613
5.7925,-0.0029642930449774
5.794,-0.00296581617352095
5.7955,-0.0029673396796967
5.797,-0.00296886356347786
5.7985,-0.00297038782483664
5.8,-0.0029719124637472
5.8015,-0.00297343748018079
5.803,-0.00297496287411737
5.8045,-0.00297648864552336
5.806,-0.0029780147943787
5.8075,-0.0029795413206508
5.809,-0.00298106822431766
5.8105,-0.00298259550535055
5.812,-0.0029841231637217
5.8135,-0.00298565119940814
5.815,-0.00298717961238017
5.8165,-0.00298870840261098
5.818,-0.00299023757007183
5.8195,-0.0029917671147417
5.821,-0.00299329703658606
5.8225,-0.00299482733558099
5.824,-0.00299635801170064
5.8255,-0.00299788906491724
5.827,-0.00299942049520302
5.8285,-0.00300095230252923
5.83,-0.00300248448687292
5.8315,-0.00300401704820148
5.833,-0.00300554998648812
5.8345,-0.00300708330170699
5.836,-0.0030086169938303
5.8375,-0.00301015106282932
5.839,-0.0030116855086782
5.8405,-0.00301322033134723
5.842,-0.00301475553080672
5.8435,-0.00301629110703178
5.845,-0.00301782705999367
5.8465,-0.00301936338966462
5.848,-0.00302090009601492
5.8495,-0.00302243717901872
5.851,-0.00302397463864632
5.8525,-0.00302551247486801
5.854,-0.00302705068765699
5.8555,-0.00302858927698644
5.857,-0.00303012824282474
5.8585,-0.00303166758514216
5.86,-0.00303320730391481
5.8615,-0.00303474739911201
5.863,-0.00303628787070405
5.8645,-0.00303782871866124
5.866,-0.00303936994295675
5.8675,-0.00304091154356186
5.869,-0.00304245352044299
5.8705,-0.00304399587357624
5.872,-0.00304553860293092
5.8735,-0.00304708170847735
5.875,-0.00304862519018581
5.8765,-0.0030501690480266
5.878,-0.00305171328197485
5.8795,-0.00305325789199408
5.881,-0.00305480287805846
5.8825,-0.00305634824013635
5.884,-0.00305789397820095
5.8855,-0.00305944009222159
5.887,-0.00306098658216855
5.8885,-0.00306253344800925
5.89,-0.00306408068971591
5.8915,-0.00306562830725882
5.893,-0.00306717630060635
5.8945,-0.00306872466972977
5.896,-0.00307027341459647
5.8975,-0.00307182253518254
5.899,-0.00307337203144959
5.9005,-0.00307492190336985
5.902,-0.00307647215091362
5.9035,-0.00307802277405022
5.905,-0.00307957377274899
5.9065,-0.0030811251469783
5.908,-0.00308267689671037
5.9095,-0.00308422902190874
5.911,-0.00308578152254853
5.9125,-0.0030873343985933
5.914,-0.0030888876500143
5.9155,-0.00309044127678278
5.917,-0.0030919952788623
5.9185,-0.00309354965622701
5.92,-0.00309510440884046
5.9215,-0.00309665953667679
5.923,-0.00309821503969763
5.9245,-0.00309977091787616
5.926,-0.00310132717118075
5.9275,-0.00310288379957881
5.929,-0.00310444080303581
5.9305,-0.00310599818152204
5.932,-0.00310755593500491
5.9335,-0.00310911406345471
5.935,-0.00311067256683789
5.9365,-0.00311223144512088
5.938,-0.00311379069826915
5.9395,-0.00311535032625879
5.941,-0.00311691032904853
5.9425,-0.00311847070661154
5.944,-0.00312003145890945
5.9455,-0.00312159258591545
5.947,-0.00312315408759501
5.9485,-0.00312471596391264
5.95,-0.00312627821483863
5.9515,-0.00312784084033751
5.953,-0.00312940384037859
5.9545,-0.00313096721492832
5.956,-0.00313253096395121
5.9575,-0.00313409508741851
5.959,-0.00313565958528703
5.9605,-0.00313722445753766
5.962,-0.00313878970412432
5.9635,-0.00314035532501825
5.965,-0.00314192132018783
5.9665,-0.00314348768959467
5.968,-0.00314505443320907
5.9695,-0.00314662155099458
5.971,-0.00314818904291763
5.9725,-0.00314975690894466
5.974,-0.00315132514903922
5.9755,-0.00315289376317064
5.977,-0.00315446275130246
5.9785,-0.0031560321133992
5.98,-0.00315760184942729
5.9815,-0.00315917195935317
5.983,-0.00316074244314039
5.9845,-0.00316231330075635
5.986,-0.00316388453216171
5.9875,-0.00316545613732771
5.989,-0.00316702811621503
5.9905,-0.00316860046878912
5.992,-0.0031701731950145
5.9935,-0.00317174629485568
5.995,-0.00317331976827814
5.9965,-0.0031748936152483
5.998,-0.00317646783572683
5.9995,-0.00317804242968113
6.001,-0.00317961739707281
6.0025,-0.00318119273786639
6.004,-0.00318276845202637
6.0055,-0.00318434453951726
6.007,-0.00318592100030261
6.0085,-0.00318749783434693
6.01,-0.0031890750416128
6.0115,-0.0031906526220628
6.013,-0.00319223057566336
6.0145,-0.00319380890237322
6.016,-0.00319538760216074
6.0175,-0.00319696667498657
6.019,-0.00319854612081523
6.0205,-0.00320012593960735
6.022,-0.00320170613132746
6.0235,-0.0032032866959391
6.025,-0.00320486763340388
6.0265,-0.00320644894368439
6.028,-0.00320803062674417
6.0295,-0.0032096126825458
6.031,-0.00321119511104705
6.0325,-0.00321277791221723
6.034,-0.00321436108601412
6.0355,-0.00321594463239933
6.037,-0.00321752855133736
6.0385,-0.0032191128427908
6.04,-0.00322069750671934
6.0415,-0.00322228254308363
6.043,-0.00322386795184528
6.0445,-0.00322545373296784
6.046,-0.00322703988641389
6.0475,-0.00322862641214215
6.049,-0.00323021331011135
6.0505,-0.00323180058028986
6.052,-0.00323338822263157
6.0535,-0.00323497623710003
6.055,-0.00323656462365686
6.0565,-0.00323815338226174
6.058,-0.00323974251287436
6.0595,-0.00324133201546117
6.061,-0.00324292188997316
6.0625,-0.00324451213637388
6.064,-0.00324610275462882
6.0655,-0.00324769374469089
6.067,-0.00324928510652172
6.0685,-0.0032508768400839
6.07,-0.0032524689453371
6.0715,-0.00325406142223619
6.073,-0.00325565427074569
6.0745,-0.00325724749082335
6.076,-0.00325884108242885
6.0775,-0.00326043504551707
6.079,-0.00326202938005348
6.0805,-0.00326362408599679
6.082,-0.00326521916329899
6.0835,-0.00326681461192555
6.085,-0.00326841043183422
6.0865,-0.00327000662297987
6.088,-0.00327160318532315
6.0895,-0.00327320011882471
6.091,-0.00327479742343653
6.0925,-0.00327639509912311
6.094,-0.00327799314583836
6.0955,-0.00327959156354388
6.097,-0.00328119035219263
6.0985,-0.00328278951174813
6.1,-0.00328438904215948
6.1015,-0.00328598894339214
6.103,-0.00328758921540098
6.1045,-0.00328918985813989
6.106,-0.00329079087157051
6.1075,-0.00329239225564671
6.109,-0.00329399401032531
6.1105,-0.00329559613556695
6.112,-0.0032971986313236
6.1135,-0.00329880149755303
6.115,-0.00330040473421105
6.1165,-0.00330200834125832
6.118,-0.00330361231864392
6.1195,-0.00330521666632754
6.121,-0.00330682138426501
6.1225,-0.00330842647241118
6.124,-0.00331003193072286
6.1255,-0.00331163775915491
6.127,-0.00331324395766219
6.1285,-0.00331485052620053
6.13,-0.00331645746472481
6.1315,-0.00331806477318987
6.133,-0.00331967245155059
6.1345,-0.00332128049976279
6.136,-0.00332288891777941
6.1375,-0.00332449770555436
6.139,-0.00332610686304635
6.1405,-0.00332771639020349
6.142,-0.00332932628698548
6.1435,-0.00333093655334139
6.145,-0.00333254718922898
6.1465,-0.00333415819460119
6.148,-0.00333576956940805
6.1495,-0.00333738131360636
6.151,-0.00333899342715098
6.1525,-0.00334060590998907
6.154,-0.00334221876208031
6.1555,-0.00334383198337281
6.157,-0.00334544557382336
6.1585,-0.00334705953338298
6.16,-0.0033486738620017
6.1615,-0.0033502885596344
6.163,-0.00335190362623206
6.1645,-0.0033535190617486
6.166,-0.00335513486613599
6.1675,-0.0033567510393433
6.169,-0.00335836758132636
6.1705,-0.00335998449203328
6.172,-0.00336160177141315
6.1735,-0.00336321941942371
6.175,-0.00336483743601309
6.1765,-0.00336645582113228
6.178,-0.00336807457472941
6.1795,-0.00336969369676029
6.181,-0.00337131318717015
6.1825,-0.00337293304591579
6.184,-0.00337455327294145
6.1855,-0.003376173868202
6.187,-0.00337779483164265
6.1885,-0.00337941616321636
6.19,-0.00338103786287218
6.1915,-0.0033826599305592
6.193,-0.00338428236622746
6.1945,-0.00338590516982603
6.196,-0.0033875283413069
6.1975,-0.00338915188061141
6.199,-0.00339077578769636
6.2005,-0.00339240006250504
6.202,-0.00339402470499038
6.2035,-0.00339564971509568
6.205,-0.00339727509277194
6.2065,-0.0033989008379692
6.208,-0.00340052695063075
6.2095,-0.00340215343070857
6.211,-0.0034037802781469
6.2125,-0.00340540749289578
6.214,-0.00340703507490334
6.2155,-0.00340866302411285
6.217,-0.00341029134046954
6.2185,-0.0034119200239273
6.22,-0.00341354907443233
6.2215,-0.00341517849192308
6.223,-0.00341680827635152
6.2245,-0.00341843842766481
6.226,-0.00342006894580816
6.2275,-0.00342169983072293
6.229,-0.00342333108236206
6.2305,-0.00342496270066401
6.232,-0.00342659468558075
6.2335,-0.00342822703705075
6.235,-0.00342985975502309
6.2365,-0.00343149283944298
6.238,-0.00343312629025275
6.2395,-0.00343476010739954
6.241,-0.00343639429082665
6.2425,-0.0034380288404764
6.244,-0.003439663756294
6.2455,-0.00344129903822372
6.247,-0.0034429346862098
6.2485,-0.00344457070019553
6.25,-0.00344620708012227
6.2515,-0.00344784382593525
6.253,-0.00344948093757581
6.2545,-0.00345111841498918
6.256,-0.00345275625811576
6.2575,-0.00345439446689689
6.259,-0.00345603304127878
6.2605,-0.00345767198119891
6.262,-0.00345931128660346
6.2635,-0.00346095095743188
6.265,-0.00346259099362455
6.2665,-0.00346423139512573
6.268,-0.00346587216187484
6.2695,-0.00346751329381326
6.271,-0.00346915479088233
6.2725,-0.00347079665302052
6.274,-0.00347243888016919
6.2755,-0.0034740814722697
6.277,-0.00347572442926148
6.2785,-0.00347736775108589
6.28,-0.00347901143767947
6.2815,-0.00348065548898261
6.283,-0.00348229990493957
6.2845,-0.00348394468548012
6.286,-0.00348558983055045
6.2875,-0.00348723534008806
6.289,-0.00348888121402853
6.2905,-0.00349052745231514
6.292,-0.00349217405488056
6.2935,-0.00349382102166713
6.295,-0.00349546835260751
6.2965,-0.00349711604764694
6.298,-0.00349876410671614
6.2995,-0.00350041252975457
6.301,-0.00350206131669971
6.3025,-0.00350371046748328
6.304,-0.00350535998204953
6.3055,-0.00350700986033306
6.307,-0.00350866010226657
6.3085,-0.00351031070778754
6.31,-0.00351196167683154
6.3115,-0.00351361300933609
6.313,-0.00351526470523385
6.3145,-0.00351691676445943
6.316,-0.00351856918695226
6.3175,-0.00352022197264308
6.319,-0.00352187512146555
6.3205,-0.00352352863335716
6.322,-0.00352518250824866
6.3235,-0.00352683674607755
6.325,-0.00352849134677457
6.3265,-0.00353014631027434
6.328,-0.00353180163650952
6.3295,-0.00353345732541474
6.331,-0.00353511337691976
6.3325,-0.00353676979095823
6.334,-0.00353842656746283
6.3355,-0.00354008370636623
6.337,-0.00354174120760015
6.3385,-0.00354339907109244
6.34,-0.0035450572967835
6.3415,-0.00354671588459442
6.343,-0.00354837483446174
6.3445,-0.00355003414631427
6.346,-0.00355169382008181
6.3475,-0.00355335385569993
6.349,-0.00355501425309067
6.3505,-0.00355667501219156
6.352,-0.00355833613292561
6.3535,-0.00355999761522744
6.355,-0.003561659459022
6.3565,-0.00356332166423811
6.358,-0.00356498423080845
6.3595,-0.00356664715865797
6.361,-0.0035683104477155
6.3625,-0.00356997409790985
6.364,-0.00357163810916887
6.3655,-0.00357330248141656
6.367,-0.00357496721458464
6.3685,-0.00357663230859709
6.37,-0.00357829776338273
6.3715,-0.0035799635788646
6.373,-0.00358162975497344
6.3745,-0.00358329629163035
6.376,-0.00358496318876414
6.3775,-0.00358663044629978
6.379,-0.00358829806416127
6.3805,-0.00358996604227548
6.382,-0.00359163438056641
6.3835,-0.0035933030789571
6.385,-0.00359497213737154
6.3865,-0.00359664155573468
6.388,-0.00359831133397052
6.3895,-0.00359998147200208
6.391,-0.00360165196975241
6.3925,-0.00360332282714259
6.394,-0.00360499404409953
6.3955,-0.00360666562053948
6.397,-0.00360833755638934
6.3985,-0.00361000985156732
6.4,-0.00361168250600127
6.4015,-0.00361335551960361
6.403,-0.00361502889230218
6.4045,-0.00361670262401327
6.406,-0.00361837671465797
6.4075,-0.00362005116415932
6.409,-0.00362172597243455
6.4105,-0.0036234011394038
6.412,-0.00362507666498817
6.4135,-0.003626752549102
6.415,-0.0036284287916664
6.4165,-0.0036301053926015
6.418,-0.00363178235182261
6.4195,-0.00363345966925083
6.421,-0.00363513734480147
6.4225,-0.00363681537839178
6.424,-0.00363849376993802
6.4255,-0.00364017251935841
6.427,-0.00364185162657114
6.4285,-0.00364353109148864
6.43,-0.00364521091402622
6.4315,-0.00364689109410304
6.433,-0.00364857163163249
6.4345,-0.00365025252652891
6.436,-0.00365193377870666
6.4375,-0.00365361538807814
6.439,-0.00365529735456542
6.4405,-0.00365697967807127
6.442,-0.00365866235851486
6.4435,-0.0036603453958115
6.445,-0.00366202878986975
6.4465,-0.00366371254060299
6.448,-0.00366539664792267
6.4495,-0.00366708111174024
6.451,-0.00366876593197006
6.4525,-0.00367045110852259
6.454,-0.00367213664130352
6.4555,-0.00367382253023008
6.457,-0.00367550877520986
6.4585,-0.00367719537615045
6.46,-0.00367888233296524
6.4615,-0.00368056964556085
6.463,-0.00368225731384488
6.4645,-0.00368394533772974
6.466,-0.0036856337171211
6.4675,-0.00368732245192847
6.469,-0.00368901154205463
6.4705,-0.00369070098741392
6.472,-0.00369239078790622
6.4735,-0.00369408094344298
6.475,-0.00369577145392696
6.4765,-0.00369746231926673
6.478,-0.00369915353936504
6.4795,-0.00370084511413144
6.481,-0.00370253704346481
6.4825,-0.0037042293272718
6.484,-0.00370592196545709
6.4855,-0.00370761495792539
6.487,-0.00370930830457754
6.4885,-0.00371100200531823
6.49,-0.00371269606004831
6.4915,-0.00371439046867342
6.493,-0.00371608523109057
6.4945,-0.00371778034720636
6.496,-0.00371947581691586
6.4975,-0.00372117164012665
6.499,-0.00372286781673282
6.5005,-0.00372456434663907
6.502,-0.00372626122974238
6.5035,-0.00372795846594261
6.505,-0.00372965605513966
6.5065,-0.00373135399722855
6.508,-0.00373305229211207
6.5095,-0.0037347509396843
6.511,-0.00373644993984414
6.5125,-0.00373814929248858
6.514,-0.00373984899751363
6.5155,-0.00374154905481627
6.517,-0.00374324946428962
6.5185,-0.00374495022583355
6.52,-0.00374665133933733
6.5215,-0.00374835280470083
6.523,-0.00375005462181331
6.5245,-0.00375175679057464
6.526,-0.00375345931087022
6.5275,-0.00375516218259994
6.529,-0.00375686540565207
6.5305,-0.00375856897992265
6.532,-0.003760272905299
6.5335,-0.0037619771816752
6.535,-0.00376368180893569
6.5365,-0.00376538678698131
6.538,-0.00376709211569457
6.5395,-0.00376879779496955
6.541,-0.00377050382469069
6.5425,-0.00377221020475111
6.544,-0.0037739169350362
6.5455,-0.00377562401543234
6.547,-0.00377733144583169
6.5485,-0.00377903922611577
6.55,-0.00378074735617579
6.5515,-0.00378245583589521
6.553,-0.00378416466515944
6.5545,-0.00378587384385388
6.556,-0.00378758337186392
6.5575,-0.00378929324907401
6.559,-0.00379100347536568
6.5605,-0.00379271405062628
6.562,-0.00379442497473347
6.5635,-0.00379613624757266
6.565,-0.00379784786902637
6.5665,-0.00379955983897419
6.568,-0.00380127215729864
6.5695,-0.00380298482387836
6.571,-0.00380469783859394
6.5725,-0.00380641120132401
6.574,-0.00380812491195109
6.5755,-0.00380983897035382
6.577,-0.00381155337640313
6.5785,-0.00381326812998443
6.58,-0.0038149832309696
6.5815,-0.00381669867923729
6.583,-0.00381841447466519
6.5845,-0.00382013061712712
6.586,-0.00382184710649979
6.5875,-0.00382356394265028
6.589,-0.00382528112546302
6.5905,-0.00382699865480701
6.592,-0.00382871653055414
6.5935,-0.0038304347525792
6.595,-0.0038321533207512
6.5965,-0.00383387223494684
6.598,-0.00383559149503223
6.5995,-0.00383731110087734
6.601,-0.00383903105235599
6.6025,-0.00384075134933427
6.604,-0.00384247199168313
6.6055,-0.00384419297927059
6.607,-0.00384591431196373
6.6085,-0.00384763598962768
6.61,-0.00384935801213047
6.6115,-0.00385108037934208
6.613,-0.00385280309112281
6.6145,-0.0038545261473407
6.616,-0.00385624954785895
6.6175,-0.00385797329253789
6.619,-0.00385969738124651
6.6205,-0.00386142181384609
6.622,-0.00386314659019695
6.6235,-0.00386487171016133
6.625,-0.00386659717360147
6.6265,-0.0038683229803777
6.628,-0.00387004913034549
6.6295,-0.00387177562337096
6.631,-0.0038735024593067
6.6325,-0.00387522963801399
6.634,-0.00387695715934929
6.6355,-0.00387868502316905
6.637,-0.00388041322933068
6.6385,-0.00388214177768873
6.64,-0.00388387066809964
6.6415,-0.00388559990041407
6.643,-0.00388732947448946
6.6445,-0.00388905939017839
6.646,-0.00389078964733153
6.6475,-0.00389252024580533
6.649,-0.00389425118544371
6.6505,-0.00389598246610313
6.652,-0.00389771408763135
6.6535,-0.00389944604987711
6.655,-0.00390117835269301
6.6565,-0.00390291099592006
6.658,-0.00390464397941183
6.6595,-0.00390637730301126
6.661,-0.00390811096656805
6.6625,-0.00390984496992322
6.664,-0.00391157931292551
6.6655,-0.00391331399541497
6.667,-0.00391504901723744
6.6685,-0.00391678437823587
6.67,-0.0039185200782503
6.6715,-0.00392025611712466
6.673,-0.00392199249469707
6.6745,-0.00392372921080853
6.676,-0.00392546626529815
6.6775,-0.003927203658005
6.679,-0.00392894138876625
6.6805,-0.00393067945741808
6.682,-0.00393241786379959
6.6835,-0.00393415660774215
6.685,-0.00393589568908483
6.6865,-0.00393763510766095
6.688,-0.00393937486330089
6.6895,-0.00394111495584183
6.691,-0.0039428553851103
6.6925,-0.0039445961509425
6.694,-0.00394633725316786
6.6955,-0.00394807869161487
6.697,-0.00394982046611102
6.6985,-0.00395156257648769
6.7,-0.00395330502257045
6.7015,-0.00395504780418682
6.703,-0.00395679092116238
6.7045,-0.00395853437332366
6.706,-0.00396027816049046
6.7075,-0.00396202228249028
6.709,-0.00396376673914485
6.7105,-0.00396551153027589
6.712,-0.00396725665570415
6.7135,-0.00396900211525134
6.715,-0.00397074790873437
6.7165,-0.00397249403597592
6.718,-0.00397424049678999
6.7195,-0.0039759872909954
6.721,-0.00397773441840712
6.7225,-0.00397948187884205
6.724,-0.00398122967211418
6.7255,-0.00398297779803655
6.727,-0.00398472625642026
6.7285,-0.00398647504708126
6.73,-0.00398822416982677
6.7315,-0.00398997362446984
6.733,-0.00399172341081964
6.7345,-0.00399347352868246
6.736,-0.0039952239778665
6.7375,-0.00399697475817998
6.739,-0.00399872586942725
6.7405,-0.00400047731141362
6.742,-0.00400222908394345
6.7435,-0.00400398118681722
6.745,-0.00400573361984026
6.7465,-0.00400748638281498
6.748,-0.00400923947553801
6.7495,-0.0040109928978089
6.751,-0.00401274664942715
6.7525,-0.0040145007301894
6.754,-0.00401625513989519
6.7555,-0.00401800987833727
6.757,-0.00401976494531036
6.7585,-0.0040215203406082
6.76,-0.00402327606402547
6.7615,-0.00402503211534918
6.763,-0.00402678849437208
6.7645,-0.00402854520088889
6.766,-0.00403030223468272
6.7675,-0.00403205959554056
6.769,-0.00403381728325133
6.7705,-0.004035575297602
6.772,-0.00403733363837666
6.7735,-0.00403909230535361
6.775,-0.00404085129832274
6.7765,-0.0040426106170633
6.778,-0.00404437026135262
6.7795,-0.00404613023097384
6.781,-0.00404789052570429
6.7825,-0.00404965114531936
6.784,-0.00405141208959833
6.7855,-0.00405317335831467
6.787,-0.00405493495124088
6.7885,-0.00405669686815334
6.79,-0.0040584591088207
6.7915,-0.00406022167301643
6.793,-0.00406198456050822
6.7945,-0.00406374777106278
6.796,-0.00406551130445456
6.7975,-0.00406727516043869
6.799,-0.00406903933879252
6.8005,-0.00407080383927021
6.802,-0.00407256866164139
6.8035,-0.00407433380566216
6.805,-0.0040760992710973
6.8065,-0.00407786505770293
6.808,-0.00407963116523997
6.8095,-0.00408139759345971
6.811,-0.00408316434212693
6.8125,-0.00408493141098714
6.814,-0.00408669879979836
6.8155,-0.00408846650831188
6.817,-0.00409023453627994
6.8185,-0.00409200288344803
6.82,-0.00409377154956648
6.8215,-0.00409554053438173
6.823,-0.00409730983764218
6.8245,-0.00409907945909139
6.826,-0.00410084939846906
6.8275,-0.00410261965552068
6.829,-0.00410439022998692
6.8305,-0.00410616112160362
6.832,-0.00410793233011434
6.8335,-0.00410970385525011
6.835,-0.0041114756967487
6.8365,-0.00411324785434498
6.838,-0.0041150203277719
6.8395,-0.00411679311675565
6.841,-0.00411856622103112
6.8425,-0.00412033964032836
6.844,-0.00412211337436873
6.8455,-0.0041238874228823
6.847,-0.00412566178559331
6.8485,-0.00412743646222218
6.85,-0.00412921145248932
6.8515,-0.00413098675612188
6.853,-0.00413276237283061
6.8545,-0.00413453830233689
6.856,-0.00413631454435822
6.8575,-0.00413809109860247
6.859,-0.00413986796478424
6.8605,-0.00414164514262009
6.862,-0.00414342263181691
6.8635,-0.0041452004320787
6.865,-0.00414697854311815
6.8665,-0.00414875696463828
6.868,-0.00415053569634215
6.8695,-0.0041523147379318
6.871,-0.00415409408910933
6.8725,-0.00415587374957101
6.874,-0.00415765371901794
6.8755,-0.00415943399714448
6.877,-0.00416121458364209
6.8785,-0.00416299547820607
6.88,-0.00416477668052692
6.8815,-0.00416655819029611
6.883,-0.00416834000719736
6.8845,-0.00417012213091923
6.886,-0.00417190456114354
6.8875,-0.00417368729755692
6.889,-0.00417547033983635
6.8905,-0.0041772536876646
6.892,-0.00417903734071673
6.8935,-0.00418082129867261
6.895,-0.00418260556119765
6.8965,-0.00418439012797558
6.898,-0.00418617499866795
6.8995,-0.00418796017294595
6.901,-0.00418974565047981
6.9025,-0.00419153143093204
6.904,-0.00419331751396418
6.9055,-0.00419510389924068
6.907,-0.00419689058642114
6.9085,-0.00419867757516519
6.91,-0.00420046486512471
6.9115,-0.00420225245595449
6.913,-0.00420404034731126
6.9145,-0.00420582853884016
6.916,-0.00420761703019114
6.9175,-0.00420940582101322
6.919,-0.00421119491094863
6.9205,-0.00421298429963866
6.922,-0.00421477398672941
6.9235,-0.00421656397185058
6.925,-0.00421835425464829
6.9265,-0.00422014483475319
6.928,-0.00422193571179595
6.9295,-0.0042237268854111
6.931,-0.00422551835522448
6.9325,-0.0042273101208629
6.934,-0.0042291021819493
6.9355,-0.00423089453811049
6.937,-0.0042326871889646
6.9385,-0.00423448013412492
6.94,-0.00423627337321632
6.9415,-0.00423806690584633
6.943,-0.00423986073162629
6.9445,-0.00424165485016856
6.946,-0.00424344926108063
6.9475,-0.00424524396396423
6.949,-0.00424703895842397
6.9505,-0.00424883424405963
6.952,-0.00425062982047004
6.9535,-0.00425242568725017
6.955,-0.00425422184399691
6.9565,-0.00425601829029847
6.958,-0.00425781502574402
6.9595,-0.00425961204992081
6.961,-0.00426140936241223
6.9625,-0.00426320696280165
6.964,-0.00426500485066571
6.9655,-0.00426680302558877
6.967,-0.00426860148713586
6.9685,-0.00427040023488363
6.97,-0.00427219926840387
6.9715,-0.00427399858725779
6.973,-0.00427579819101621
6.9745,-0.00427759807923744
6.976,-0.0042793982514846
6.9775,-0.00428119870731117
6.979,-0.00428299944627157
6.9805,-0.00428480046792024
6.982,-0.00428660177180488
6.9835,-0.00428840335747316
6.985,-0.00429020522446697
6.9865,-0.00429200737232531
6.988,-0.00429380980059684
6.9895,-0.00429561250880414
6.991,-0.00429741549648911
6.9925,-0.0042992187631782
6.994,-0.00430102230840366
6.9955,-0.00430282613168229
6.997,-0.00430463023254247
6.9985,-0.00430643461050005
7,-0.0043082392650728
